{"train/loss_rpn_cls": 0.09644375056028366, "train/loss_rpn_bbox": 0.04419300407171249, "train/loss_cls": 0.34600277900695803, "train/acc": 92.28564453125, "train/loss_bbox": 0.24386104702949524, "train/loss": 0.7305005776882172, "train/grad_norm": 1.6806696724891663, "learning_rate": 0.000995905737704918, "momentum": 0.9, "_timestamp": 1648178536, "_runtime": 306, "_step": 245, "val/bbox_mAP": 0.06, "val/bbox_mAP_s": 0.0, "val/bbox_mAP_m": 0.005, "val/bbox_mAP_l": 0.074, "_wandb": {"runtime": 307}}