{"train/loss_rpn_cls": 0.19188432544469833, "train/loss_rpn_bbox": 0.06572226494550705, "train/loss_cls": 1.2341836178302765, "train/acc": 89.06396484375, "train/loss_bbox": 0.29612692177295685, "train/loss": 1.7879171347618104, "train/grad_norm": 45.737750921249386, "learning_rate": 0.000995905737704918, "momentum": 0.9, "_timestamp": 1648177804, "_runtime": 296, "_step": 245, "val/bbox_mAP": 0.002, "val/bbox_mAP_s": 0.0, "val/bbox_mAP_m": 0.0, "val/bbox_mAP_l": 0.003, "_wandb": {"runtime": 297}}